{
    "channel_0": 0.2148962148962149,
    "channel_1": 0.48647175047175045,
    "channel_2": 0.364423199023199,
    "channel_3": 0.37197680097680097
}